{"cameraMode":{"drawMode":0,"name":"Shaded","section":"Shading Mode"},"sceneLighting":true,"audioPlay":false,"sceneViewState":{"showFog":true,"showMaterialUpdate":false,"showSkybox":true,"showFlares":true,"showImageEffects":true,"showParticleSystems":true},"in2DMode":false,"pivot":{"x":-1.1105942726135255,"y":6.966869831085205,"z":0.4170956611633301},"rotation":{"x":0.04162583500146866,"y":-0.8656140565872192,"z":0.07285129278898239,"w":0.49374935030937197},"size":53.575008392333987,"orthographic":false}